{
    "上海": [121.4648, 31.2891],
    "美国洛杉矶": [-118.24311, 34.052713],
    "美国芝加哥": [-87.801833, 41.870975],
    "美国加州": [-121.910642, 41.38028],
    "香港邦泰": [114.195466, 22.282751],
    "尼日利亚": [-4.388361, 11.186148]

}