{
    "上海": [121.4648, 31.2891],
    "尼日利亚": [-4.388361, 11.186148],
    "美国洛杉矶": [-118.24311, 34.052713],
    "香港邦泰": [114.195466, 22.282751],
    "美国芝加哥": [-87.801833, 41.870975],
    "加纳库马西": [-4.62829, 7.72415],
    "英国曼彻斯特": [-1.657222, 51.886863],
    "德国汉堡": [10.01959, 54.38474],
    "哈萨克斯坦阿拉木图": [45.326912, 41.101891],
    "俄罗斯伊尔库茨克": [89.116876, 67.757906],
    "巴西": [-48.678945, -10.493623],
    "埃及达米埃塔": [31.815593, 31.418032],
    "西班牙巴塞罗纳": [2.175129, 41.385064],
    "柬埔寨金边": [104.88659, 11.545469],
    "意大利米兰": [9.189948, 45.46623],
    "乌拉圭蒙得维的亚": [-56.162231, -34.901113],
    "莫桑比克马普托": [32.608571, -25.893473],
    "阿尔及利亚阿尔及尔": [3.054275, 36.753027],
    "阿联酋迪拜": [55.269441, 25.204514],
    "匈牙利布达佩斯": [17.108519, 48.179162],
    "澳大利亚悉尼": [150.993137, -33.675509],
    "美国加州": [-121.910642, 41.38028],
    "澳大利亚墨尔本": [144.999416, -37.781726],
    "墨西哥": [-99.094092, 19.365711],
    "加拿大温哥华": [-123.023921, 49.311753]
}